Filename,Max Sequence length,Instance type,Time,No. of nodes,Sequence length,Initial no. of nodes,Initial sequence lengthSequence
10.500+200,509,pozytywnymi losowymi,479,509,488,509,GACGCCCGCCTTCGACAAGCCCAAAGTAGAACTGCATGTCCACCTAGACGGATCCATCAAGCCTGAAACCATCTTATACTATGGCAGGAGGAGAGGGATCGCCCTCCCAGCTAACACAGCAGAGGGGCTGCTGAACGTCATTGGCATGGACAAGCCGCTCACCCTTCCAGACTTCCTGGCCAAGTTTGACTACTACATGCCTGCTATCGCGGGCTGCCGGGAGGCTATCAAAAGGATCGCCTATGAGTTTGTAGAGATGAAGGCCAAAGAGGGCGTGGTGTATGTGGAGGTGCGGTACAGTCCGCACCTGCTGGCCAACTCCAAAGTGGAGCCAATCCCCTGGAACCAGGCTGAAGGGGACCTCACCCCAAGCCGAGCGGCGGCGGAGGGAGCAGCGCCGGGGCGCACGAGGGCACCATGGCCCAGACGCCCGCTCACCCCAGACGAGGTGGTGGCCCTAGTGGGCCAGGGCCTGCAGAGACCCACCGAGCGGCCACCGAGCCGGCAGA
10.500+50,509,"pozytywnymi, przek��amania na ko��cach oligonukl",419,509,430,508,CGAGCGGCCACCGAGCGGCCAAGTTTGACTACTACATGCCTGCTATCGCGGGCTGCCGGGAGGCTATCAAAAGGATCGCCTATGAGTTTGTAGAGATGAAGAGGGCGTGGTGTATGTGGAGGTACAGTCCGCACCTGCTGGCCAACTCCAAAGTGGAGCCAATCCCCTGGAACCAGGCTGAAGGGGACCTCACCCCAGACGAGGTGGTGGCCCTAGTGGGCCAGGGCCTGCAGGAGGAGAGGGATCGCCCTCCCAGCTAACACAGCAGAGGGGCTGCTGAACGTCATTGGCATGGACAAGCCGCTCACCCTTCCAGACTTCCTGGCCAAGTTATACTATGGCAGGAGGAGAGGTGCGGTACAGTCCACCTAGACGGATGAAGGCCAAAGAGGGCGCACGCCCGCCTTCGACAAGCCCAAAGTAGAACTGCATGTCCACCTAGACGGATCCATGGCCCAGACGCCCGCCGGGGCGCACGAGGGCACCATGGCCAGGGCTGGCCCCAGGGA
10.500-100,509,negatywnymi losowymi,387,509,397,506,CACCTGCTGGCCAACTCCAAAGTGGAGCCAATCCCCTGGAACCAGGCTGAAGGGGACCTCACCCCAGACGAGGTGGTGGCCCTAGTGGGCCAGGGCCTGCAGGAGGAGAGGGATCGCCCTCCCAGCTAACACAGCAGAGGGGCTGCTGAACGTCATTGGCATGGACAAGCCGCTCACCCTTCCAGACTTCCTGGCCAAGTTTGACTACTACATGCCTGCTATCGCGGGCTGCCGGGAGGCTATCAAAAGGATCGCCTATGAGTTTGTAGAGATGAAGGCCAAAGAGGGCGTGGTGTATGTGGAGGTGCGGTACAGTCCGCACCTGCTGGCCCCAGGGAAAGCCGAGCGGCCACCGAGCGGCGGCGGAGGGAGCAGCGCCGGGGCGCACGAGGGCACCATGGCCCAGACGCCCGCCTTCGACAAGCCCAAAGTAGAACTGCATGTCCACCTAGACGGATCCATCAAGCCTGAAACCATCTTATACTATGGCAGGAGGACCCACCGAGCCG
10.500-200,509,negatywnymi losowymi,282,509,293,509,GCGCCGGGGCGCACGAGGGCACCATGGCCCCAGGGAAAGCCGAGCGGCCACCGAGCCGGCAGAGGGGCTGCTGAACGTCATTGGCATGGACAAGCCGCTCACCCTTCCAGACTTCCTGGCCAACTCCAAAGTGGAGCCAATCCCCTGGAACCAGGCTGAAGGGGACCTCACCCCAGACGAGGTGGTGGCCCTAGTGGGCCAGGGCCTGCAGAGACCCACCGAGCGGCGGCGGAGGGAGCAGCGCCGGGAGGCTATCAAAAGGATCGCCCTCCCAGCTAACACAGCAGAGGGGATCGCCCAAAGTAGAACTGCATGTCCACCTAGACGGATCCATCAAGCCTGAAACCATCTTATACTATGGCAGGAGGAGAGGGATCGCCTATGAGTTTGTAGAGATGAAGGCCAAGTTTGACTACTACATGCCTGCTATCGCGGGCTGCCGGGAGGTGCGGTACAGTCCGCACCTGCTGGCCAAGTTCGACAAGCCCAAAGTGGTGTATGTGGAGGTG
113.500-8,509,negatywnymi wynikaj��cymi z powt�,467,509,486,509,CCCGGCCCGGCCTGGCCACTCTGCCCGGGCTGACGCCCAGGAATGTGGTCGACGAGAAGCCCCAACAGCACGGCGTGGCCTCTCAGCCTCGAGCCTGATCCGGGGATGGCCTCTGCCTCCACCACAATGCATACTACCACCATTGCAGAGCCTGATCCAGGGATGTCTGGATGGCCGGATGGCAGAATGGAGACCTCCACCCCCACCATAATGGACATTGTCGTCATTGCAGGTGTGATTGCTGCTGTGGCCATCGTCCTAGTCTCCCTCCTCTTCGTCATGCTGCGCTACATGTACCGGCACAAGGGCACGGAGTTTGCTGAGAGTGCAGATGCAGCCCTGCAGGGAGACCCTGCCCTCCAAGATGCTGGTGATAGCAGCAGAAAGGAGTACTTTATTTGAGGCCAAGGGCACGTACCACACCAATGAGGCCAAGTGCCGCTTCCTCTCGCCGCCGAGGGTCAGGAGCCCGGGAGCGCGACCCTCCCCCGGCCCGCCTGGCCAGTCCC
144.500-12,509,negatywnymi wynikaj��cymi z powt�,469,524,485,509,ACCCCAAAGTGGGGGGCTCCCGCCCCCGCCCAGGGCTTCCGCTACGGGGGCCGCATGCTGCATGCCTGCACTTCGGAGGGCAGTGCACACAGGAAGTGGTGTGCCACAACTCACAACTACGACCGGGACAGGGCCTGGGTCCCCAGCCCCTGGCCCCCACCGGGGCTGGGCCCCTTCCTCCTCCTGCTGCTGCCACGGGGGTTCCAGCCCCAGCCTGGCGGGAACCGTACGGAGTCCCCAGAACCTAATGCCACAGCGACCCCTGCGATCCCCACTATCCTGGTGACCTCTGTGACCTCTGAGACCCCAGCAACAAGTGCTCCAGAGGCAGAGGGACCCCAAAGCGCCCAGGGCAGTTCCCTCGAGCAGTAGCCCCCAGGCCCAAGCACTCACCGAGGACGGGAGGCCCTGCAGGTTCCCCTTCCGCTACTGTGTGGAGGCCACCCCGCCTGCTGCTGCTACCCCGCCTCCAGGGGGCCCAGCTGCCCTGGATCCCTGTGCCTCCGGCCCCTGGGGCTACTGTG
18.200+20,209,"pozytywnymi, przek��amania na ko��cach oligonukl",160,205,168,209,CGGACGCTCGCGGGTCTCGGAACTTCGGCCGTGGCATGGGCGCCGCGGGCCTGGCTCTCGTCGCACCGGGGGTCCTCGGGATTTCTTGTGGCTCTCCTCCGCCTATCCTAAATGGCCGGTACCGTGATAAGGTTTTCTTGGCTCTCGTCGCGGGGGCTTCGGCCGGATTAGTTATTATTCTACCCCCATTGCTGTTGGTACCGTG
18.200+80,209,pozytywnymi losowymi,179,209,196,205,CGCCGCGGGCCTGCTCGGGGTTTTCTTGGCTCTCGTCGCACCGGGGGTCCTCGGGATTTCTTGTGGCTCTCCTCCGCCTATCCTAAATGGCCGGATTAGTTATTATTCTACCCCCATTGCTGTTGGTACCGTGATAAGGTACAGTTGTTTATTAGGTGTTGGGCTCTCGGAACGCATCCCGCCGCGGGGGCTTCGGCCGTGGCATGGGC
18.200-40,209,negatywnymi losowymi,154,207,155,209,GACGCTCGCGGGTCTCGGAACGCATCCCGCCGCGGGCCTGCTCGGGGTTTTCTTGGCTCTCGTCGCACCGGGGGTCCTCGGGATTTCTTGTGGCTCTCCTCCGCCTATCCTAAATGGCCGGATTAGTTATTATTCTACCCCCATTGCTGTTGGTACCGTGATAAGGTACAGTTGTTCGGCCGTGGCATGGGCGCCGCGGGGGCTTCG
18.200-80,209,negatywnymi losowymi,108,207,113,209,TCCCGCCGCGGGCCTGCTCGGGATTTCTTGTGGCTCTCCTCCGCCTATCCTAAATGGCCGCGGGGGCTTCGGCCGTGGCATGGGCGCCGCGGGTCTCGGAACGCATCCCGCCCCATTGCTGTTGGTACCGTGATAAGGTACAGTTGTTTTCTTGGCTCTCGTCGCACCGGGGGTCCTCGGGATTAGTTATTATTCTACCCCCATTGC
20.300+120,309,pozytywnymi losowymi,270,306,300,309,GCGAGATCGCGCGGCGCTTCAACATCCCGCCGTCCACGCTGAGCACGATCCTGAAGAACAAGCGCGCCATCCTGGCGTCGGAGCGCAAGTACGGGGTGGCCTCCACCTGCCGCAAGACCAACAAGCTGTCTCCCTACGACAAGCTCGAGGGCTTGCTCATCGCCTGGTCATCCAGGAGGTGGAGGAGAATCCGGACCTGCGCAAGGGCGAGATCGTCAAAATGCTATCGCCTGGTTCCAGCAGATCCGCGCCGCCGGCCTGCCGGTCAAGGGCATCATCCTCAAGGAGAAGGCGCTGCGCATAGCC
20.300+30,309,"pozytywnymi, przek��amania na ko��cach oligonukl",226,309,256,309,ACCAACAAGCTGTCTCCCTACGATCCTGAAGAACAAGCGCGGAGCGCAAGTACGGGGTCTGGTTCCAGCAGATCCGCGCCGCCGGCCTGCCGGTCAAGGGCATCATCCTCAAGGAGAATCCGGACCTGCGCAAGGGCGAGATCGCGCGGCGCTTCCGGGAGAAGTCACGGATCATCCAGGAGGTGGAGGAGAATCCGGTGGCCTCCACCTGCCGCAAGACCAACAAGCTGCGCATAGCCGTCCACTCGAGGGCTTGCTCCCTACGACAAGCTCGAGGGCGGCGCTTCAACATCCCGCCGTCCACGCTGA
20.300-120,309,negatywnymi losowymi,168,320,173,308,ACCTGCGCAAGGGCGAGATCGCGCGGCGCTTCAACATCCCGCCGTCCACGCTGAGCACGATCCTGAAGAACAAGCGCGCCATCCTGGCGTCGGAGCGCAAGTACGGGGTGGCCTCCACCTGCCGCAAGACCAACAAGCTGTCTCCCTACGACAAGCTCGAGGGCTTGCTCATCGCCTGGTTCCAGCAGATCCGCGCCGCCGGCCTGCCGGTCAAGGGCATCCTCAAGGAGAAGGCGCTGCGCATAGCCGGGAGAAGTCACGGATCATCCAGGAGAATCCGGACCTGCGCACGTTCCGGGCAGCTGACGTTCCGGGAGAAG
20.300-60,309,negatywnymi losowymi,234,309,239,307,GATCCTGAAGAACAAGCGCGCCATCCTGGCGTCGGAGCGCAAGTACGGGGTGGCCTCCACCTGCCGCAAGACCAACAAGCTGTCTCCCTACGACAAGCTCGAGGGCTTGCTCATCGCCTGGTTCCAGCAGATCCGCGCCGCCGGCCTGCCGGTCAAGGGCATCATCCTCAAGGAGAAGGCGCTGCGCATAGCCAGCTGACGTTCCGGGAGAAGTCACGGATCATCCAGGAGGTGGAGGAGAATCCGGACCTGCGCAAGGGCGAGATCGCGCGGCGCTTCAACATCCCGCCGTCCACGCTGAGCACGATC
25.500+200,509,pozytywnymi losowymi,476,504,500,509,GAAAGTGTCTCTCTTCCTGCTTAAACCTCTGTCTCTGACGGTCCCTGCCAATCGCTCTGGTCGACCCCAACACACTAGGAGGACAGACACAGGCTCCAAACTCCACTAACCAGAGCTGTGATTGTGCCCGCTGAGTGGACTGCGTTGTCAGGGAGTGAGTGCTCCATCATCGGGAGAATCCAAGCAGGACCGCCATGGAGGAAGGTCAATATTCAGAGATCGAGGAGCTTCCCAGGAGGCGGTGTTGCAGGCGTGGGACTCAGATCGTGCTGCTGGGGCTGGTGACCGCCGCTCTGTGGGCTGGGCTGCTGACTCTGCTTCTCCTGTGGCACTGGGACACCACACAGAGTCTAAAACAGCTGGAAGAGAGGGCTGCCCGGAACGTCTCTCAAGTTTCCAAGAACTTGGAAAGCCACCACGGTGACCAGATGAGTGCGCAGAAATCCCAGTCCACGCAGATTTCACAGGAACTGGAGGAACTTCGAGCTGAACACGCAATCCCAC
25.500+50,509,"pozytywnymi, przek��amania na ko��cach oligonukl",424,509,440,509,CTGCTTAAACCTCTGTCAATATTCAGAGATCGAGGAGCTTCCCAGGAGGCGGTGTTGCAGGTAAACCTCTCTTCCTGCTTAAACCTCTGTCTCTGAATCCAAGCAGGACCGCCATGGAGGAAGGTCAATATTGTTGCAGGCGTGGGACTCAGATCGTGCTGCTGGGGCTGGTGACCGCCGCTCTGTGGGCTGGGCTGCTGACTCTGCTTCTCCTGTGGCACTGGGACACCACACAGAGTCTAAAACAGCTGGAAGAGAGGGCTGCCCGGAACGTCTCTCAAGTTTCCAAGAACTTGGAAAGCCACCACGGTGACCAGATGGCGCAGAAATCCCAGAGCTGTGATTGTGCCCGCTGAGTGGACTGCGTTCGAGCTGAACACACTACTTTCAGAAGAAAGTGTCTCTCTTCCATCATCGGGAGAATCCAAGCAGGACGGTCCCTGCCAATCGCTCTGGTCGACCCCAACACACTAGGAGGACAGACACAGGCTCCAAACTCCACTAACCAG
25.500-100,509,negatywnymi losowymi,384,509,388,503,ACAGCTGGAAGAGAGGGCTGCCCGGAACGTCTCTCAAGTTTCCAAGAACTTGGAAAGCCACCACGGTGACCAGATGGCGCAGAAATCCCAGTCCACGCAGATTTCACAGGAACTGGAGGAACTTCGAGCTGAACAGCTGGAGGAAGGTCAATATTCAGAGATCGAGGAGCTTCCCAGGAGGCGGTGTTGCAGGCGTGGGACTCAGATCGTGCTGCTGGGGCTGGTGACCGCCGCTCTGTGGGCTGGGCTGCTGACTCTGCTTCTCCTGTGGCACTGGGACACCACACAGAGTCTAAAACAGCTGGTCGACCCCAACACACTAGGAGGACAGACACAGGCTCCAAACTCCACTAACCAGAGCTGTGATTGTGCCCGCTGAGTGGACTGCGTTGTCAGGGAGTGAGTGCTCCATCATCGGGAGAATCCAAGCAGGACCGCCATGGAGGAAGAAAGTGTCTCTCTTCCTGCTTAAACCTCTGTCTCTGACGGTCCCTGCCAATCGCTCTGGT
25.500-200,509,negatywnymi losowymi,289,508,289,508,TCCACTAACCAGAGCTGTGATTGTGCCCGCTGAGTGGACTGCGTTGTCAGGGAGTGAGTGCTCCATCATCGGGAGAATCCAAGCAGGACCGCCATGGAGGAAGGTCAATATTCAGAGATCGAGGAGCTTCCCAGGAGGCGGTGTTGCAGGCGTGGGACTCAGATGGCGCAGAAATCCCAGTCCACGCAGATTTCACAGGAACTGGAGGAACTTCGAGCTGAACACACTAGGAGGACAGACACAGAGTCTAAAACAGCTGGAAGAGAGGGCTGCCCGGAACGTCTCTCAAGTTTCCAAGAACTTGGAAAGCCACCACGGTGACCAGATGGCGCTCTGTGGGCTGCTGACTCTGCTTCTCCTGTGGCACTGGGACACCACACAGAGTGGCTCTACTTTCAGAAGAAAGTGTCTCTCTTCCTGCTTAAACCTCTGTCTCTGACGGTCCCTGCCAATCGCTCTGGTCGACCCCAACACACTCCACTAACCGCTCTGTGCTGCTGGGGCTGGT
28.500-18,509,negatywnymi wynikaj��cymi z powt�,464,509,478,505,CTCAACCCGAGGGGGTTCCCTCCTGGCTGGGGGAGGTGGAAGCCGAAGTATCTCAGCTTCTTCTGCTAGGTTTGTCTCTTCAGGGTCAGGAGGAGGATATGGGGGTGGCTCAACCCGCCTGGCCTCCTACCTGGACAAGGTACGTGCCCTGGAGGAGGCCAATGCTGACCTGGAGGTGAAGATCCATGACTGGTACCAGAAGCAGACCCCAGCCAGCCCAGCACCTCTTGGGTTTGCTGAGAACTCACGGGCTCCAGCTACCTGGCCATGACCACCACATTTCTGCAAACTTCTTCCTCCACCTTTGGGGGTGGCATGAGGGTCTGTGGCTTTGGTGGGGGTTTTGGTGGTGGCTTTGGAGGGGGCGTTGGTGGGGGGAGTCTCTCTGGGGGAGGTGGCTTTGGTGGAGGGGCTGGTAGTGTTTTCGGTGGAGGCTTTGGATGGTGGTCTCCTCTCTGGCAATGAGAAAATTACCATGCAGAACCTCAATGACCGCCTGGCGATGGTGG
34.500-32,509,negatywnymi wynikaj��cymi z powt�,458,506,467,504,CTGTCAGGAGGGGTAGCCTCCTTCGTGTGCCAAGCTAGAGCCCTGGATGGCCCCTGAGCCAGCCCCAGGGAGGACGATGGTGCCCCTTGTGCCTGCACTGGTGATGCTTGGTTTGGTGGCAGGCGCCCATGGTGACAGCAAACCTGTCTTCATTAAAGTCCCTGAGGACCAGACTGGGCTGTGGCTGGCTGTGGAGCTAGAGCGGCGGGAGCGGGACCAGGTGGAGGCGGCGGCAGAGGCGGCGGCGGCTCCAGCTTCGGCTCCGGCTCCGGCTCGGGCTCGGGCTCCGGCTCCAGCTCGGGTGGCGGTGGCGGGAGCGGCGGAAGGAGTGGAGGCCCTGGTGCCCGGCCCTTGGTGCTGAGTATCCAGCAAGAGTGACCGGGGTGAAGAAGCAAAGACTCGGTTGATTGTCCTGGGCTGTCAGGAGTGGGAGCAGCGGCCCTAGCGGCTTGCGGGGGGACATGCGGACCGACGGCCCCTGGATAGGCGGAAGGCAGAGGAGTGGG
35.200+20,209,"pozytywnymi, przek��amania na ko��cach oligonukl",173,220,186,209,TCGTAACTTAAAGGGAAACTTTCACAATGTCCGGAGCCCTTGATGTCCTGCAAATGAAGGAGGAGGATGTGAGGGGTCCATACGGCGTTGTTCTGGATTCCCGTCGTAACTTGGAGGATGTCCTTAAGTTCCTTGCAGCAGGAACCCACTTAGGTGGCACCAATCTTGACTTCCTATAAAAGGAAAAGTGATGGCAGAGGGGTGATGGCATCTATATCAT
35.200+80,209,pozytywnymi losowymi,182,209,199,208,TGCAGAGGGGTCCATACGGCGTTGTTCGTAACTTAACGTCGTAACTTAAAGGGAAACTTTCACAATGTCCGGAGCCCTTGATGTCCTGCAAATGAAGGAGGAGGATGTCCTTAAGTTCCTTGCAGCAGGAACCCACTTAGGTGGCACCAATCTTGACTTCCAGATGGAACAGTACATCTATAAAAGGAAAAGTGATGGCATCTATATCA
35.200-40,209,negatywnymi losowymi,153,209,158,209,ATAAAAGGAAAAGTGATGGCATCTATATCATACGGCGTTGTTCTGGATTCCCGTCGTAACTTAAAGGGAAACTTTCACAATGTCCGGAGCCCTTGATGTCCTGCAAATGAAGGAGGAGGATGTCCTTAAGTTCCTTGCAGCAGGAACCCACTTAGGTGGCACCAATCTTGACTTCCAGATGGAACAGTACATCTATAAAAGGGGTCCAT
35.200-80,209,negatywnymi losowymi,109,208,117,206,CACCAATCTTGACTTCCAGATGGAACAGTACATCTATATCGTAACTTAAAGGGAAACTTTCACAATGTCCGGAGCCCTTGATGTCCTGCAAATGAAGGAGGAGGATGTCCTATAAAAGGAAAAGTGATGGCATCTATACGGCGTTGTTCTGGATTCCCGTCGTAAGGATGTCCTTAAGTTCCTTGCAGCAGGAACCCACTTAGGTGGC
53.500+200,509,pozytywnymi losowymi,470,509,494,509,GTGGCCGCCAGCCGGCGCGCAGCAGGAGCGCCCCTGGCCACTGAACTGCGCTGCCAGTGCTTGCAGACCCTGCAGGGAATTCACCTCAAGAACATCCAAAGTGTGAAGGTGAAGTCCCCCGGACCCCACTGCGCCCAAACCGAAGTCATAGCCACACTCAAGAATGGGCAGAAAGCTTGTCTCAACCCCGCATCGCCCATGGTTAAGAAAATCATCGAAAAGATGCTGAAAAATGGCAAATCCAACTGACCAGAAGGAAGGAGGAAGCTTATTGGTGGCTGTTCCTGAAGGAGGCCCTGCCCTTACAGGAACAGAAGAGGAAAGAGAGACACAGCTGCAGAGGCCACCTGGATTGCGCCTAATGTGTTTGAGCATCACTTAGGAGAAGTCTTGTGTGGAAATCAAGGGTTAGCAAACTCAGCCGCTCGAACCGCCTGCTGAGCCCCATGGCCCGCGCCACGCTCTCCGCCGCCCCCAGCAATCCCCGGCTCCTGCGGGTGGCGCTGCTG
53.500+50,509,"pozytywnymi, przek��amania na ko��cach oligonukl",416,509,432,505,TGGCAAATCCAACTGACCAGAAGGAAGGAGGAAGCTTGTCTCAACCCCGGCTCCTGCGGGTGGCGCTGCTGCTCCTGGTGGCCGCCAGCCGGCGCGCAGCAGGAGCGCCCCTGGCCACTGAACTGCGCTGCCAGTGCTTGCAGACCCTGCAGCATCACTTAGGAGAAGGAGGCCCTGCCCTTACAGGAACAGAAGAGGAAAGAGAGACACAGCTGCAGAGGCCACCTGGATTGCGCCTAATGTGTTTGAGCATCACTCAAGATGCTGAGCCCGCGCCACGCTCTGCTCCTGCTCCGCCGCCCCCAGCAATCCCCGGCTCTCCGCCGCTCGAACCGCCTGCTGAGCCCCATGGCCCGCGCCCAAACCGAAGTCATAGCCACATCCAAAGTGTGAAGGTGAAGTCCCTGCAGGGAATTCACCTCAAGAACATCCAAATGAAGTCCCCCGGACGCTCTCCGCATCGCCCATGGTTAAGAAAATCATCGAAAAGATGCTGAAAAATGGCAAAT
53.500-100,509,negatywnymi losowymi,384,532,384,501,CCCCATGGCCCGCGCCACGCTCTCCGCCGCCCCCAGCAATCCCCGGCTCCTGCGGGTGGCGCTGCTGCTCCTGCTCCTGGTGGCCGCCAGCCGGCGCGCAGCAGGAGCGCCCCTGGCCACTGAACTGCGCTGCCAGTGCTTGCAGACCCTGCAGGGAATTCACCTCAAGAACATCCAAAGTGTGAAGGTGAAGTCCCCCGGACCCCACTGCGCCCAAACCGAAGTCATAGCCACACTCAAGAATGGGCAGAAAGCTTGTCTCAACCCCGCATCGCCCATGGTTAAGAAAATCATCGAAAAGATGCTGAAAAATGGCAAATCCAACTGACCAGAAGGAAGGAGGCCCTGCCCTTACAGGAACAGAAGAGGAAAGAGAGACACAGCTGCAGAGGCCACCTGGATTGCGCCTAATGTGTTTGAGCATCACTTAGGAGAAGTCTTATTGGTGGCTGTTCCTAGGAGGAAGCTTATTGGTCAGCCGCTCGAACAGCCGCTCGAACAGCCGCTCGAACCGCCTGCTGAGCCCCATGGC
53.500-200,509,negatywnymi losowymi,282,509,288,507,TGTTCCTGAAGGAGGCCCTGCCCTTACAGGAACAGAAGAGGAAAGAGAGACACAGCTGCAGAGGCCACCTGGATTGCGCCTAATGTGTTTGAGCATCACTTAGGAGACATCCAAAGTGTGAAGGTGAAGTCCCCCGGACCCCACTGCGCCCAAACCGAAGTCATAGCCACACTCAAGAATGGGCAGAAAGCTTGTCTCAACCCCGCGCCACGCTCTCCGCCGCCCCCAGCAATCCCCGGCTCCTGCGGGTGGCGCTGCTGCTCCTGGTGGCCGCCAGCCGCTCGAACCGCCTGCTGAGCCCCATGGCCCGCGCCACTGAACTGCGCTGCCAGTGCTTGCAGACCCTGCAGGGAATTCACCTCAAGAACATAGGAGAAGTCGCCCATGGTTAAGAAAATCATCGAAAAGATGCTGAAAAATGGCAAATCCAACTGACCAGAAGGAAGGAGGAAGCTTATTGGTGGCTGTTCCTAGGAGCGCCCCTGGCCACTCTCCTCCTCGCACAGCCG
55.300+120,309,pozytywnymi losowymi,279,309,296,305,CGGAGGCTGGGAAACCCCAGCAATGAAGAGCTGAATGCCAAGAAAATTGAGTTTGAACAATTTCTGCCTATGATGCAAGCCATTTCCAACAACAAGGACCAGGCCACCTATGCTGCCGCTCCATCATGTCCTTCAGTGCTGACCAGATTGCTGAATTCAAGGAGGCATTTCTCCTCTTTGACAGAACAGGTGATTCCAAGATCACCTTAAGCCAGGTCGGTGATGTCCTTCGAGCCCTGGGCACAAATCCCACCAATGCAGAGGTCAGGAAAGTTCTGGGAAACTACTCTTAGCCTTCCCTGCTGTGTT
55.300+30,309,"pozytywnymi, przek��amania na ko��cach oligonukl",266,304,273,306,AAGTTCTGGGAAACCCCAGCAATGAAGAGCTGAATGCCAAGAAAATTGAGTTTGAACAATTTCTGCCTATGATGTCCTTCAGTGCTGACCAGATTGCTGAATTCAAGGAGGCATTTCTCCTCTTTGACAGAACAGGTGATTCCAAGATCACCTTAAGCCAGGTCGGTGATGTCCTTCGAGCCCTGGGCACAAATCCCACCAATGCAGATGCAAGCCATTTCCAACAACAAGGACCAGGCCAATGCAGAGGTCAGGAAAGTTCTGGAAAGTTCCCTGCTGTGTTGCTGCCCAGCCGCTCCATCAC
55.300-120,309,negatywnymi losowymi,173,307,178,301,TGATGTCCTTCGAGCCCTGGGCACAAATCCCACCAATGCAGAGGTCAGGAAAGTTCTGGGAAACCCCAGCAATGAAGAGCTGAATGCCAAGAAAATTGAGTTTGAACAATTTCTCCTCTTTGACAGAACAGGTGATTCCAAGATCACCTTAAGCCAGGTCGGTGAATTCAAGGAGGCATTTCTGCCTATGATGCAAGCCATTTCCAACAACAAGGACCAGGCCACCTATCATGTCCTTCAGTGCTGACCAGATTGCTGAATTCAAGCCGCTCCATCATGTCCCTGCTGTGTTGCTGCCCAGCCGCTC
55.300-60,309,negatywnymi losowymi,235,309,235,309,ACTACTCTTAGCCTTCCCTGCTGTGTTGCTGCCCAGCCGCTCCATCATGTCCTTCGAGCCCTGGGCACAAATCCCACCAATGCAGAGGTCAGGAAAGTTCTGGGAAACCCCAGCAATGAAGAGCTGAATGCCAAGAAAATTGAGTTTGAACAATTTCTGCCTATGATGCAAGCCATTTCCAACAACAAGGACCAGGCCACCTATGCTGAATTCAAGGAGGCATTTCTCCTCTTTGACAGAACAGGTGATTCCAAGATCACCTTAAGCCAGGTCGGTGATGTCCTTCAGTGCTGACCAGATTGCTGAATT
55.400+160,409,pozytywnymi losowymi,376,406,387,409,GAGCTGAATGCCAAGAAAATTGAGTTTGAACAACTGCTGTGTTGCTGCCCAGCCGCTCCATCATGTCCTTCGAGCCCTGGGCACAAATCCCACCAATGCAGAGGTCAGGAAAGTTCTGGGAAACCCCAGCAATGAAGAGCTGAATTTGAACAATTTCTGCCTATGATGCAAGCCATTTCCAACAACAAGGACCAGGCCACCTATGAAGACTTTGTTGAGGGTCTGCGTGTCTTTGACAAGGAAGGCAATGGCACAGTCATGGGTGCTGAACTCCGCCATGTTCTAGCCACCCTGGGTGAAAAGATCACCTTAAGCCAGGTCGGTGATGTCCTTCAGTGCTGACCAGATTGCTGAATTCAAGGAGGCATTTCTCCTCTTTGACAGAACAGGTGATTCCAAGATCACC
55.400+40,409,"pozytywnymi, przek��amania na ko��cach oligonukl",333,409,340,409,TGAACAATTTCTGCCTATGATGCAAGCCATCATGTCCTTATGAAGACTTTGTTGAGGGTCTGCGTGTCTTTGACAGAACAGGTGATTCCAAGATCACCTTAAGCCAGGTCGGTGATGTCATGGGTGCTGAACTCCGCCATGTTCTAGCCACCCTGGGTGAAAAGATTGCTGAATTCAAGGAGGCAGAGGTCAGGAAAGTTCTGGGAAACCCCAGCAATGAAGAGCTGAATAGCCTTCCCTGCTGTGTTGCTGCCCAGCCGCTCCATCATGTCCTTCGAGCCCTGGGCACAAATCCCACCAATGCAGAGGTCCTTCAGTGCTGACCAGATTGCTGTGTTCCAACAACAAGGACCAGGCCACCTATGAAGACTCTTAGCCTTCCTCTTTGACAAGGAAGGCAATGGCACAG
55.400-160,409,negatywnymi losowymi,213,409,220,407,GTCTGCGTGTCTTTGACAGAAAATTGAGTTTGAACAATTTCTGCCTATGATGCAAGCCATTTCCAACAACAAGGACCAGGCCACCTATGAAGAGCTGAATGCCAAGAAAATTGACAAGGAAGGCAATGGCACAGTCATGGGTGCTGAACAGGTGATTCCAAGATCACCTTAAGCCAGGTCGGTGATGTCCTTCAGTGCTGACCAGATTGCTGAATTCAAATCCCACCAATGCAGAGGTCTGCGTGCTGTGTTGCTGCCCAGCCGCTCCATCATGTCCTTCGAGCCCTGGGCACAAATCCCAGCAATGAAGAGCCTAACTACTCTTAGCCACCCTGGGTGAAAAGACTTTGTTGAGGGTTCTGGGAAACCCCAGCAAAGTTCTGGGAAAGTTCTGCTGTGTTCTAGCCAC
55.400-80,409,negatywnymi losowymi,298,409,313,409,CTGAACTCCGCCATGTTCTAGCCACCCTGGGTGAAAAGAAAATTGAGTTTGAACAATTTCTGCCTATGATGCAAGCCATTTCCAACAACAAGGACCAGGCCACCTATGAAGACTTTGTTGAGGGTGATTCCAATGAAGAGCTGAATGCCAAGAAAATTCAAGGAGGCATTTCTCCTCTTTGACAGAACAGGTGATTCCAAGATCACCTTAAGCCAGGTCGGTGATGTCCTTCGAGCCCTGGGCACAAATCCCACCAATGCAGAGGTCAGGAAAGTTCTGGGAAACCCCAGCAATGAAGAGCCTAACTACTCTTAGCCTTCCCTGCTGTGTTGCTGCCCAGCCGCTCCATCATGTCCTTCAGTGCTGACCAGATTGCTGAATTCAAGGAAGGCAATGGCACAGTCATGGG
58.300+120,309,pozytywnymi losowymi,280,309,285,309,AGGTTCCAGGAGACCTTTGAGGGGTCCCCAATGCCCCATTCCACACGGCCCGGGAAATGGCCAATGCCAAGGAGATCGCTCGGACTGTGCAGATCCTGGGTGCAGACTTCATCCTGTCTCTAGGGGACAATTTTTACTTCACTGGTGTGCAAGACATCAATGACAAGAGGTTCCAGTAGAGCCTCCGGTGACTGGGGAGGGGTCCTGCAAGCCTTGTTGCTACCCTCCCTGGCTGATGGTGCCACCCCTGCCCTGCGCTTTGTAGCCGTGGGTGACTGGCCTGTGTCTCCCCCTGGATGGACATGTGGA
58.300+30,309,"pozytywnymi, przek��amania na ko��cach oligonukl",247,308,259,309,TGGTGCCACCCCTGCCCTGCGCTTTGTAGCCGTGGGTGACTGGGGAGGGAAATGGCCAATGCCAAGGAGATCGCTCGGACTGTGCAGATCCTGGGTGCAGACTTCATCCTGTCTCTAGGGGACAATTTTTACTTCACTGGTGTGCAAGACATCAATGACAAGAGGTTCCAGGAGACCTTTGAGGGGTCCCCAATGCCAATGCCCCATTCCACACGGCCCGGGAAATGGACATGTGGACGGCGCTGCTCATCCTCCGGTGACTGGGGCCCTCCCTGGCTGATGGTGCCACGGCGCTGCTCATCCTGCAC
58.300-120,309,negatywnymi losowymi,170,325,175,303,GGAGATCGCTCGGACTGTGCAGATCCTGGGTGTTTGTAGCCGTGGGTGACTGGGGAGGGGTCCCCAATGCCCCATTCCACACGGCCCGGGAAATGGCCAATGCCAAGGAGATCGTCCTGGGTGCAGACTTCATCCTGTCTCTAGAGCCTCCGGTGACTGGCCTGTGTCTCCCCCTGGATGGACATGTGGACGGCGGGACAATTTTTACTTCACTGGTGTGCAAGACATCAATGACAAGAGGTTCCAGGAGACCTTTGAGGTGCAAGCCTTGTTGCTACCCTCCCTGGCGGGGACAATTCCCTGGCTGATGGTGCCACCCCTGCCC
58.300-60,309,negatywnymi losowymi,227,309,232,309,TGGTGTGCAAGACATCAATGACAAGAGGTTCCAGGAGACCTTTGAGGGGTCCCCAATGCCCCATTCCACACGGCCCGGGAAATGGCCAATGCCAAGGAGATCGCTCGGACTGTGCAGATCCTGGGTGCAGACTTCATCCTGTCTCTAGGGGACAATTTTTACTTCACTGGTGTGCAAGCCTTGTTGCTACCCTCCCTGGCTGATGGTGCCACCCCTGCCCTGCGCTTTGTAGCCGTGGGTGACTGGGGAGGGGTCCCCCTGGATGGACATGTGGACGGCGCTGCTCATCCTGCAAGCCTCCGGTGACTG
59.500-2,509,negatywnymi wynikaj��cymi z powt�,486,509,488,506,CCACCACCATGTCGAGCAAAAGAACAAAGACCAAGACCAAGAAGCGCCCTCAGCGTGCAACATCCAATGTGTTTGCTATGTTTGACCAGTCACAGATTCAGGAGTTCAAAGAGGCCTTCAACATGATTGATCAGAACAGAGATGGTTTCATCGACAAGGAAGATTTGCATGATATGCTTGCTTCATTGGGGAAGAATCCAACTGATGAGTATCTAGATGCCATGATGAATGAGGCTCCAGGCCCCATCAATTTCACCATGTTCCTCACCATGTTTGGTGAGAAGTTAAATGGCACAGATCCTGAAGATGTCATCAGAAATGCCTTTGCTTGCTTTGATGAAGAAGCAACTGGCACCATACAGGAAGATTACTTGAGAGAGCTGCTGACAACCATGGGGGATCGGAAGGGTGCTCGGATTCTCGTAGCTGTGCCGGGACTTAACCACCACCAGCGCGTGGTTTTTAGCGGCTCTCTGGGTAGCAGGGTGGTGTGATAGCGGCCGAGGGCT
62.400+160,409,pozytywnymi losowymi,377,409,396,409,ATGGACGTGATGGATGGCTGCCAGTTCTCACCTTCTGAGTACTTCTACGACGGCTCCTGCATACCGTCCCCCGAGGGTGAATTTGGGGACGAGTTTGTGCCGCGAGTGGCTGCCTTCGGAGCGCACAAAGCAGAGCTGCAGGGCTCAGATGAGGACGAGCACGTGCGAGCGCCTACCGGCCACCACCATGGATCGGCGGAAGGCAGCCACTATGCGCGAGCGGAGGCGCCTGAAGAAGGTCAACCAGGCTTTCGAAACCCTCAAGAGGTGTACCACGACCAACCCCAACCAGAGGCTGCCCAAGGTGGAGACAATACACGCCGCAAAGCCTGCAAGAGGAAGTCCACCACCAGGCTGGTCACTGCCTCATGTGGGCCTGCAAAGCCTGCCTCTCAGCAGGATGGACGTG
62.400+40,409,"pozytywnymi, przek��amania na ko��cach oligonukl",354,409,354,409,GCCGCGAGTGGCTGCCTTCGGAGCGCACAAAGCAGAGCTGCACCGCCTGCCTTCTGAGTACTTCTACGACGGCTCCTGCAAGAGGAAGTCCACCACCATGGATCGGCGGAAGGCAGCCACTATGCGCGAGCGGAGGCGCCTGAAGAAGGTCAACCAGGCTTTCGAAACCCTCAAGAGGTGTACCACGACCAACCCCAACCAGAGGCTGCCCAAGGTGGAGAGCTGCAGGGCTCAGATGAGGACGAGCACGTGCGAGCGCCTACCGGCCACCACCAGGCTGGTCACTGCCTCATGTGGGCCTCTCAGCAGGATGGACGTGATGGATGGCTGCCAGTTCTCACCGTCCCCCGAGGGTGAATTATTTGGGGACGAGTTTGTGCCGCGAGTGCAGGGCTCCTGCATACCGTCC
62.400-160,409,negatywnymi losowymi,233,409,233,409,GGAAGTCCACCACCATGGATCGGCGGAAGGCAGCCACTATGCGCGAGCGGAGGCGCCTGAAGAAGGTCAACCAGGCTTTCGAAACCCTCAAGAGGTGTACCACGACCAACCCCAACCAGAGGCTGCCCAAGGTGGAGGAAGTCCCCCGAGGGTGAATTTGGGGACGAGTTTGTGCCGCGAGTGGCTGCCTTCGGAGCGCACAAAGCAGAGCTGCAGGGCTCAGATGAGGACGAGCACGTGCGAGCGCCTACCGGCCACCACCAGGCTGGTCACTGCCTCTCAGCAGGATGGACGTGATGGATGGCTGCCAGTTCTCACCTTCTGAGTACTTCTACGACGGCTCCTGCATACCGTCCCCCTGCCTCTCGCTGCCGTCCAGGTGCACCGCCTGCCTCATGTGGGCCTGCAA
62.400-80,409,negatywnymi losowymi,297,409,311,402,CCAGGCTTTCGAAAGAGCTGCAGGGCTCAGATGAGGACGAGCACGTGCGAGCGCCTACCGGCCACCACCATGGATCGGCGGAAGGCAGCCACTATGCGCGAGCGGAGGCGCCTGAAGAAGGTCAACCAGGCTTTCGAAACCCTCAAGAGGTGTACCACCAGGCTGGTCACTGCCTCATGTGGGCCTGCAAAGCCTGCAAGAGGAAGTCCACCACCAGGTGCACCGCCTGCCTCTCAGCAGGATGGACGTGATGGATGGCTGCCAGTTCTCACCTTCTGAGTACTTCTACGACGGCTCCTGCATACCGTCCCCCGAGGGTGAATTTGGGGACGAGTTTGTGCCGCGAGTGGCTGCCTTCGGAGCGCACAAAGCAGAGCTGCAGACCACGACCAACCCCAACCAGAGGCTG
68.400+160,409,pozytywnymi losowymi,368,409,390,409,CGGGCCCCGCTGGCAGGAGGTCATCCCCTACACACCAGCACGAACGAGCCCAGCACCGGCCGGATGGAGCGTCCGCAACCCGACAGCATGCCCCAGGATTTGTCAGAGGCCCTGAAGGAGGCCACCAAGGAGGTGCACACCCAGGCAGAGAATGCTGAGTTCATGAGGAACTTTCAGAAGGGCCAGGTGACCCGAGACGGCTTCAAGCTGGTGATGGCCTCCCTGTACCACTACTTGTTATTGTAGCCGCCGCCCGCGGAGCCAGCACGCTGTACCACATCTATGTGGCCCTGGAGGAGGAGATTGAGCGCAACAAGGAGAGCCCAGTCTTCGCCCCTGTCTACTTCCCAGAAGAGCTGCACCGCAAGGCTGCCCTGGAGCAGGACCTGGCCTTCTGGTACGGGCCCCG
68.400+40,409,"pozytywnymi, przek��amania na ko��cach oligonukl",336,409,342,409,TCAACGCCTGCCTCCCCTCGAGCGTCCTCAGCGCAGCCGCCGCCCGCGGAGCCAGCACGAACGAGCCCAGCACCGGCCGGATGGTGATGGCCTGGAGGAGGAGATTGAGCGCAACAAGGAGAGCCCAGTCTTCGGGCCCCGCTGGGCCAGGTGACCCGAGACGGCTTCAAGCTGGTGATGGCCTCCCTGTACCACATCTATGTGGCCCTGGAGGAGGGCCAGGTCATCCCCTACACACCAGCATGCCCCCAGGATTTTCAGAAGGGCCCTGAAGGAGGCCACCAAGGAGGTGCACACCCAGGCAGAGAATGCTGAGTTCATGAGGAACTTTCAGAAGAGCTGCACCGCAAGGCTGCCCTGGAGCAGGACCTGGCCTTCTGGTACGGGCCCCGCTGGCAGGAGGTCATCC
68.400-160,409,negatywnymi losowymi,230,409,230,409,TTGAGCGCAACAAGGAGAGCCCAGTCTTCGCCCCTGTCTACTTCCCAGAAGAGCTGCACCGCAAGGCTGCCCTGGAGGAGGAGATTGAGCGCAGCCGCCGCCCGCGGAGCCAGCACGAACGAGCCCAGCACCGGCCGGATGGAGCGTCCGCAACCCGACAGCATGCCCCAGGATTTGTCAGAGGCCCTGAAGGAGGCCACCAAGGAGGTGCACACCCAGGCAGAGAATGCTGAGTTCATGAGGAACTTTCAGAAGGGCCAGGTGATGGCCTCCCTGTACCACATCTATGTGGCCCTGGAGCAGGACCTGGCCTTCTGGTACGGGCCCCTACACACCAGCGCAGCCCGAGACGGCTTCAAGCTGGTGATGGCAGGAGGTCATCCCCTACACGCCTGCCTCCCCTCGAGCG
68.400-80,409,negatywnymi losowymi,303,408,314,409,AGCTGGTGATGGCCTCCCTGTACCACATCTATGTGGCCCTGGAGGAGGAGAGCCCAGCACCGGCCGGATGGAGCGTCCGCAACCCGACAGCATGCCCCAGGATTTGTCAGAGGCCCTGAAGGAGGCCACCAAGGAGGTGCACACCCAGGCAGAGAATGCTGAGTTCATGAGGAACTTTCAGAAGGGCCAGGTGACCCGAGACGGCTTCAAGCTGGTGAGCGCAACAAGGAGAGCCCAGTCTTCGCCCCTGTCTACTTCCCAGAAGAGCTGCACCGCAAGGCTGCCCTGGAGCAGGACCTGGCCTTCTGGTACGGGCCCCGCTGGCAGGAGGTCATCCCCTACACACCAGCACGAACGAGCCCAGCCGCCGCCCGCGGAGCCAGCACGAGCGTCCTCAGCGCAGCCGCC
9.200+20,209,"pozytywnymi, przek��amania na ko��cach oligonukl",166,206,180,209,TGGGGCGCCCCAGGCGACGATGCCCCCCGGGCCGTCTTCCCCTCCATCGTGGGGATGATGATATCGCCGCGCTCGTCGTCGACAACGGCTCCGGCATGTGCAAGGCCGCCCGTCCACACCCGCCGCCAGCTCACCAGGGCGTGATGGTGGGCATGGGTCAGAAGGATTCCTATGTGGGCGACGATCCGCCGCCAGGCACCAGGGCA
9.200+80,209,pozytywnymi losowymi,184,209,196,209,GCGCCCCAGGCACCAGGGCGTGATGGTGGGCATGGGTCAGAAGGATTCCTATGTGGGCGACGATGCCCCCCGGGCCGTCTTCCCCTCCATCGTGGGGCGCCCCAGGATGATGATATCGCCGCGCTCGTCGTCGACAACGGCTCCGGCATGTGCAAGGCCGGCTTCGCGGGCGACGATCCGCCGCCCGTCCACACCCGCCGCCAGCTCAC
9.200-40,209,negatywnymi losowymi,150,207,158,205,GGCTCCGGCATGTGCAAGGCCGGCTTCGCGGGCGACGATGCCCCCCGGGCCGTCTTCCCCTCCATCGTGGGGCGCCCCAGGCACCAGGGCGTGATGGTGGGCATGGGTCAGAAGGATTCCTATGTGGGCGCTCGTCGTCGACAACGGCTCCGGCCCGTCCACACCCGCCGCCAGCTCACCATGGATGATGATATCGCCGCGCTCGTC
9.200-80,209,negatywnymi losowymi,113,207,118,209,GTCTTCCCCTCCATCGTGGGGCGCCCCAGGCACCAGGGCGTGATGGTGGGCATGGGTCAGAAGGATTCCTATGTGGGCGCAAGGCCGGCTTCGCGGGCGACGATGCCCCCCGGGCCGTCTTCCCCGTCCACACCCGCCGCCAGCTCACCATGGATGATGATATCGCCGCGCTCGTCGTCGACAACGGCTCCGGCATGTGCAAGGCCG
