Filename,Max Sequence length,Instance type,Time,No. of nodes,Sequence length,Initial no. of nodes,Initial sequence length,Sequence
10.500+200,509,pozytywnymi losowymi,49.58548164367676,476,509.0,485,509.0,CGCACGAGGGCACCATGGCCCAGACGCCCGCCTTCGACAAGCCCAAAGTAGAACTGCATGTCCACCTAGACGGATCCATCAAGCCTGAAACCATCTTATACTATGGCAGGAGGAGAGGGATCGCCCTTCCTGGCCAAGTTTGACTACTACATGCCTGCTATCGCGGGCTGCCGGGAGGCTATCAAAAGGATCGCCTATGAGTTTGTAGAGATGAAGGCCAAAGAGGGCGTGGTGTATGTGGAGGTGCGGTACAGTCCGCACCTGCTGGCCAACTCCAAAGTGGAGCCAATCCCCTGGAACCAGGCTGAAGGGGACCTCACCCCAGACGAGGTGGTGGCCCTAGTGGGCCAGGGCCTGCAGAGGGGCTGCTGAACGTCATTGGCATGGACAAGCCGCTCACCCTTCCAGACTTCCTGGCCCCAGGGAAAGCCGAGCGGCCACCGAGCGGCGGCGGAGGGAGCAGCGCCGGGGCGCACGAGGATCGCCCTCCCAGCTAACACAGCAGAGGG
10.500+50,509,"pozytywnymi, przekłamania na końcach oligonukleotydów",37.492836475372314,434,506.0,444,509.0,CGTGGTGTATGTGGAGGTGCGGTACAGTCCGCACCTGCTGGCCAACTCCAAAGTGGAGCCAATCCCCTGCAGCGCCGGGGCGCACGAGGGCACCATGGCCCAGACGCCCGCCTTCGACAAGCCCAAAGTAGAACTGCATGTCCAGACTTCCTGGCCAAGTTTGACTACTACATGCCTGCTATCGCGGGCTGCCGGGAGGCTATCAAAAGGATCGCCTATGAGTTTGTAGAGATGAAGGCCAAAGAGGGCGTGGTGTAATCCCCTGGAACCAGGCTGAAGGGGACCTCACCCCAGACGAGGTGGTGGCCCTAGTGGGCCAGGGCCTGCAGAGACCCACCGAGCGGCCACCGAGCCGGCAGAGACCAAGTTTGGCATGGACAAGCCGCTCACCCTTCCAGACAGCAGAGGGATCGCCCTCCCAGCTAACACAGCAGAGGGGCTGCTGAACGTCATTGGCATGGCAGGAGGAGAGGTCCACCTAGACGGATCCATCAAGCCGAGCGGCA
10.500-100,509,negatywnymi losowymi,28.915524005889893,391,508.0,391,508.0,GCCTGCTATCGCGGGCTGCCGGGAGGCTATCAAAAGGATCGCCCTCCCAGCTAACACAGCAGAGGGGCTGCTGAACGTCATTGGCATGGACAAGCCGCTCACCCTTCCAGACTTCCTGGCCAAGTTTGACTACTACATGCCTGCTATGAGTTTGTAGAGATGAAGGCCAAAGAGGGCGTGGTGTATGTGGAGGTGCGGTACAGTCCGCACCTGCTGGCCAACTCCAAAGTGGAGCCAATCCCCTGGAACCAGGCTGAAGGGGACCTCACCCCAGACGAGGTGGTGGCCCTAGTGGGCCAGGGCCTGCAGAGACCCACCGAGCGGCCACCGAGCCGGCAGAGACGCCCGCCTTCGACAAGCCCAAAGTAGAACTGCATGTCCACCTAGACGGATCCATCAAGCCTGAAACCATCTTATACTATGGCAGGAGGAGAGGGATCGCCCCAGGGAAAGCCGAGCGGCGGCGGAGGGAGCAGCGCCGGGGCGCACGAGGGCACCATGGCCCAGA
10.500-200,509,negatywnymi losowymi,15.700582027435303,284,525.0,294,509.0,GGCCCCAGGGAAAGCCGAGGGCGTGGTGTATGTGGAGGTGCGGTACAGTCCGCACCTGCTGGCCAACTCCAAAGTGGAGCCAATCCCCTGGAACCAGACTTCCTGGCCAAGTTTGACTACTCCGCCTTCGACAAGCCCAAAGTAGAACTGCATGTCCACCTAGACGGATCCATCAAGCCTGAAACCATCTTATACTATGGCAGGAGGAGAGGGATCGCCCTCCCAGCTAACACAGCAGAGGGGCTGCTGAACGTCATTGGCATGGACAAGCCGAGCGGCCACCGAGCCGGCAGAGACCCACCGAGCGGCGGCGGAGGGAGCAGCGCCGGGGCGCACGAGGGCACCATGGCCCGAACCAGGCTGAAGGGGACCTCACCCCAGACGAGGTGGTGGCCCTAGTGGGCCAGGGCCTGCAGTTGACTACTACATGCCTGCTATCGCGGGCTCCAGACTTCCGCGGGCTGCCGGGAGGCTATCAAAAGGATCGCCTATGAGTTTGTAGAGATGAAGGCCAAAGAGGGCGTG
113.500-8,509,negatywnymi wynikającymi z powtórzeń,46.24421262741089,480,509.0,485,509.0,GCCCCAACAGCACGGCGTGGCCTCTCAGCCTCGAGCCTGATCCGGGGATGGCCTCTGCCTCCACCACAATGCATACTACCACCATTGCAGAGCCTGATCCAGGGATGTCTGGATGGCCGGATGGCAGAATGGAGACCTCCACCCCCACCATAATGGACATTGTCGTCATTGCAGGTGTGATTGCTGCTGTGGCCATCGTCCTAGTCTCCCTCCTCTTCGTCATGCTGCGCTACATGTACCGGCACAAGGGCACGTACCACACCAATGAGGCCAAGGGCACGGAGTTTGCTGAGAGTGCAGATGCAGCCCTGCAGGGAGACCCTGCCCTCCAAGATGCTGGTGATAGCAGCAGAAAGGAGTACTTTATTTGAGGGTCAGGAGCCCGGGAGCGCGACCCTCCCCCGGCCCGGCCTGGCCCGGCCTGGCCAGTCCCCGCGGTCTCTGCCCGGGCTGACGCCCAGGAATGTGGTCGACGAGAAGCCCCAACAGGTGCCGCTTCCTCTCGCCGC
144.500-12,509,negatywnymi wynikającymi z powtórzeń,48.756807804107666,474,508.0,485,506.0,TCCCGCCCCCGCCCAGGGCAGTTCCCTCGAGCAGTAGCCCCCAGGCCCAAGCACTCACCGAGGACGGGAGGCCCTGCAGGTTCCCCTTCCGCTACGGGGGCCGCATGCTGCATGCCTGCACTTCGGAGGGCAGTGCACACAGGAAGTGGTGTGCCACAACTCACAACTACGACCGGGACAGGGCCTGGGGCTACTGTGTGGAGGCCACCCCGCCTCCAGGGGGCCCAGCTGCCCTGGATCCCTGTGCCTCCGGCCCCTGGCCCCCACCGGGGCTGGGCCCCTTCCTCCTCCTCCTGCTGCTGCTGCCACGGGGGTTCCAGCCCCAGCCTGGCGGGAACCGTACGGAGTCCCCAGAACCTAATGCCACAGCGACCCCTGCGATCCCCACTATCCTGGTGACCTCTGAGACCCCAGCAACAAGTGCTCCAGAGGCAGAGGGACCCCAAAGTGGGGGGCTCCCGCCCCTGGGTCCCCAGCCCCTGGCCTGGGTCCTCTGTGACCTCTGTGA
18.200+20,209,"pozytywnymi, przekłamania na końcach oligonukleotydów",5.476642847061157,170,209.0,171,209.0,ATTCTTGTGGCTCTCCTCCGGGGGTCCTCGGGATTTCTTGGCTCTCGTCGCACCGGGGGTCTCGGAACGCATCCCGCCGCGGGGGCTTCGGCCGTGGCATGGGCGCCGCGGGCCTGCTCGGGGTTTTCTTGGCCGGATTAGTTATTATTCTACCCCCATTGCTGTTGGTACCGTGATAAGGTACAGTTGTTTCTTGTGGCTAAATGGCC
18.200+80,209,pozytywnymi losowymi,6.052600383758545,173,209.0,199,208.0,GCCTTCAGCCGTGGCATGGGCGCCGCGGGCCTGCTCGGGGTTTTCTTGGCTCTCGTCGCACCGGGGGTCCTCGGGATTTCTTGTGGCTCTCCTCCGCCTATCCTAAATGGCCGGATTAGTTATTATTCTACCCCCATTGCTGTTGGTACCGTGATAAGGTACAGTTGTTTATTAGGTGTTGGGCTCTCGGAACGCATCCCGCCGCGGGG
18.200-40,209,negatywnymi losowymi,4.822320461273193,155,225.0,155,209.0,GACGCTCGCGGGTCTCGGAACGCATCCCGCCGCGGGCCTGCTCGGGGTTTTCTTGGCTCTCGTCGCACCGGGGGTCCTCGGGATTTCTTGTGGCTCTCCTCCGCCTATCCTAAATGGCCGGATTAGTTATTATTCTACCCCCATTGCTGTTGGTACCGTGATAAGGTACAGTTGTTCGGCCGTGGCATGGGCGCCGCGGGGGCTCGGACGCTCGCGGGGGCTTCG
18.200-80,209,negatywnymi losowymi,2.42830491065979,107,209.0,111,208.0,GCCGTGGCATGGGCGCCGCGGGCCTGCTCGGGATTTCTTGTGGCTCTCCTCCGCCTATCCTAAATGGCCGCGGGGGCTTCGGCCGTGGCTCTCGTCGCACCGGGGGTCCTCGGGATTAGTTATTATTCTACCCCCATTGCTGTTGGTACCGTGATAAGGTACAGTTGTTTTCTTGGCTCTCCCGCCGCGGGTCTCGGAACGCATCCCGC
20.300+120,309,pozytywnymi losowymi,15.471694469451904,268,309.0,287,308.0,GGACCTGCGCAAGGGCGAGATCGCGCGGCGCTTCAACATCCCGCCGTCCACGCTGAGCACGATCCTGAAGAACAAGCGCGCCATCCTGGCGTCGGAGCGCAAGTACGGGGTGGCCTCCACCTGCCGCAAGACCAACAAGCTGTCTCCCTACGACAAGCTCGAGGGCTTGCTCATCGCCTGGTTCCAGCAGATCCGCGCCGCCGGCCTGCCGGTCAAGGGCATCATCCTCAAGGAGAAGGCGCTGCGCATAGCCCGATCCTGCCTAGAACCACCGTTCGTCCGAGAAGTCACGGATCATCCAGGAGGTGG
20.300+30,309,"pozytywnymi, przekłamania na końcach oligonukleotydów",12.444492816925049,250,309.0,260,309.0,AGGAGGTGGAGGAGAATCAAGGGCATCATCCTCAAGGAGAAGGCGCTGCGCGCCATCCTGGCGTCGGAGCGCAAGTACGGGGTGGCCTCCACCTGCCGCAAGACCAACAAGCTGACGTTCCGGGAGAAGTCACGGATCATCCAGGAGGTGGAGGAGAATCCGGACCTGCGCAAGGGCGAGATCGCGCGGCGCTTCAACATCCCTACGACAAGCTCGAGGGCTTGCTCATCATCGCCTGGTTCCAGCAGATCCGACAGCTGACGTCCACGCTGAGCACGATCCTGAAGAACAAGCGCGGCCTGCCGGTCA
20.300-120,309,negatywnymi losowymi,5.652801036834717,156,308.0,170,305.0,ATCGCCTGGTTCCAGCAGATCCGCGCCGCCGGCCTGCCGGTCAAGGGCATCCTGGCGTCGGAGCGCAAGTACGGGGTGGCCTCCACCTGCCGCAAGGGCGAGATCGCGCGGCGCTTCAACATCCCGCCGTCCACGCTGAGCACGATCCTGAAGAACAAGCGCGCCATCCTGGCGCAAGACCAACAAGCTGTCTCCCTACGACAAGCTCGAGGGCTTGCTCATCGCCTGGCTGCGCAAGGGCGCTGCGCATAGCCTCAAGGAGAAGGCGCTGCGGGAGAAGTCACGGATCATCCAGGAGGTGGAGGAGA
20.300-60,309,negatywnymi losowymi,10.46096920967102,225,309.0,234,308.0,CCACCTGCCGCAAGACCAACAAGCTGTCTCCCTACGACAAGCTCGAGGGCTTGCTCATCGCCTGGTTCCAGCAGATCCGCGCCGCCGGCCTGCCGGTCAAGGGCATCATCCTCAAGGAGAAGGCGCTGCGCATAGCCGTCCACGCTGAGCACGATCCTGAAGAACAAGCGCGCCATCCTGGCGTCGGAGCGCAAGTACGGGGTGGCCTCCACCTGCGCAAGGGCGAGATCGCGCGGCGCTTCAACATCCCGCCGTCCACGGATCATCCAGGAGGTGGAGGAGAATCCGGACCTGCGCAGCTGACGTTCC
25.500+200,509,pozytywnymi losowymi,49.81206011772156,475,509.0,475,509.0,TCAGAAGAAAGTGTCTCTCTTCCTGCTTAAACCTCTGTCTCTGACGGTCCCTGCCAATCGCTCTGGTCGACCCCAACACACTAGGAGGACAGACACAGGCTCCAAACTCCACTAACCAGAGCTGTGATTGTGCCCGCTGAGTGGACTGCGTTGTCAGGGAGTGAGTGCTCCATCATCGGGAGAATCCAAGCAGGACCGCCATGGAGGAAGGTCAATATTCAGAGATCGAGGAGCTTCCCAGGAGGCGGTGTTGCAGGCGTGGGACTCAGATCGTGCTGCTGGGGCTGGTGACCGCCGCTCTGTGGGCTGGGCTGCTGACTCTGCTTCTCCTGTGGCACTGGGACACCACACAGAGTCTAAAACAGCTGGAAGAGAGGGCTGCCCGGAACGTCTCTCAAGTTTCCAAGAACTTGGAAAGCCACCACGGTGACCAGATGAGTTCATGGGCAACGTAGCTAGGACCAGATGGCGCAGAAATCCCAGTCCACGCAGATTTCACAGGAACTGGA
25.500+50,509,"pozytywnymi, przekłamania na końcach oligonukleotydów",34.837706089019775,426,509.0,435,505.0,ACGGTCCCTGCCAATCGCTCTGGTCGACCCCAACACACTACTTTCAGAAGAAAGTGTCTCTCTTCCTGCTTAAACCTCTGTCAGGGAGTGAGTGCTCCATCATCGGGAGAATCCAAGCAGGACCGCCATGGAGGAAGGTCAATATCGAGGAGCTTCCCAGGAGGCGGTGTTGCAGGCGTGGGACTCCACTAACCAGAGATCGAGGAGGACAGACACAGGCTCCAAACTCCACTAGGAGGACACCACACAGAGTCTAAAACAGCTGGAAGAGAGGGCTGCCCGGAACGTCTCTCAAGTTTCCAAGAACTTGGAATATTCAGAGATCGTGCTGCTGGGGCTGGTGACCGCCGCTCTGTGGGCTGGGCTGCTGACTCTGCTTCTCCTGTGGCACTGGGACACCACGGTGACCAGATGGCGCAGAAATCCCAGTCCACGCAGATTGTGCCCTCTGTCTCTGACGGTCCCTGGAGGAACTTCGAGCTGAACACACTAGGAGCTGTGATTGTGCC
25.500-100,509,negatywnymi losowymi,30.643788814544678,385,509.0,390,509.0,GGTCAATATTCAGAGATCGAGGAGCTTCCCAGGAGGCGGTGTTGCAGGCGTGGGACTCAGATCGTGCTGCTGGGGCTGGTGACCAGATGGCGCAGAAATCCCAGTCCACGCAGATTTCACAGGAACTGGAGGAACTTCGAGCTGAACACACTAGGAGGACAGACACAGGCTCCAAACTCCACTAACCAGAGCTGTGATTGTGCCCGCTGAGTGGACTGCGTTGTCAGGGAGTGAGTGCTCCATCATCGGGAGAATCCAAGCAGGACCGCCATGGAGGAAGGTCAATATCGCTCTGGTCGACCCCAACACACTACTTTCAGAAGAAAGTGTCTCTCTTCCTGCTTAAACCTCTGTCTCTGACGGTCCCTGCCAATCGCTCTGTGGGCTGGGCTGCTGACTCTGCTTCTCCTGTGGCACTGGGACACCACACAGAGTCTAAAACAGCTGGAAGAGAGGGCTGCCCGGAACGTCTCTCAAGTTTCCAAGAACTTGGAAAGCCACCACGGTGA
25.500-200,509,negatywnymi losowymi,16.979751348495483,286,506.0,288,509.0,CCCTGCCAATCGCTCTGGTCGACCCCAACACACTAGGAGGACAGACACAGAGTCTAAAACAGCTGGAAGAGAGGGCTGCCCGGAACGTCTCTCAAGTTTCCAAGAACTTGGAAAGCCACCACGGTGACCAGATGGCGCAGAAATCCCAGTCCACGCAGATTTCACAGGAACTGGAGGAACTTCGAGCTGAACACCACACAGAGTGCTCCATCATCGGGAGAATCCAAGCAGGACCGCCATGGAGGAAGGTCAATATTCAGAGATCGAGGAGCTTCCCAGGAGGCGGTGTTGCAGGCGTGGGACTCAGATTGTGCCCGCTGAGTGGACTGCGTTGTCAGGGAGTGAGTGCTCTGTGGGCTGCTGACTCTGCTTCTCCTGTGGCACTGGGACACCACACTAACCAGAGCTGTGATTGTGCCGCTCTGTGGCTCTACTTTCAGAAGAAAGTGTCTCTCTTCCTGCTTAAACCTCTGTCTCTGACGGTCCCTGCCAAACTCCACTAACCA
28.500-18,509,negatywnymi wynikającymi z powtórzeń,44.81946921348572,455,527.0,477,509.0,CGATGGTGGTCTCCTCTCTGGCAATGAGAAAATTACCATGCAGAACCTCAATGACCGCCTGGCCTCCTACCTCCTGCCAGCACCTGGTAGTGTCCCGAGGGGGTTCCCTCCTGGCTGGGGGAGGTGGAAGCCGAAGTATCTCAGCTTCTTCTGCTAGGTTTGTCTCTTCAGGGTCAGGAGGAGGATATGGGGGTGGCTCAACCCGAGGGGCTGGTAGTGTTTTCGGTGGAGGCTTTGGAGGGGGCGTTGGTGGGGGGAGTCTCTCTGGGGGAGGTGGCTTTGGTGGGGGTTTTGGTGGTGGCGATGGTGGCCTCCTACCTGGACAAGGTACGTGCCCTGGAGGAGGCCAATGCTGACCTGGAGGTGAAGATCCATGACTGGTACCAGAAGCAGACCCCAGCCAGCCCAGCACCTCTTGGGTTTGCTGAGAACTCACGGGCTCCAGCTACCTGGCCATGACCACCACATTTCTGCCAGCACCTACATTTCTGCAAACTTCTTCCTCCACCTTTGGGGGTGGCATGAGG
34.500-32,509,negatywnymi wynikającymi z powtórzeń,43.21597361564636,464,504.0,464,504.0,GGAGCGGGACCAGGTGGAGGCGGCGGCTCCAGCTTCGGCTCCGGCTCGGGCTCGGGCTCCGGCTCCAGCTCGGGTGGCGGTGGCGGCGGCGGCAGAGGAGTGGGAGCAGCGGCCCTAGCGGCTTGCGGGGGGACATGCGGACCGACGGCCCCTGGATAGGCGGAAGGAGTGGAGGCCCTGGTGCCCGGCCCTTGGTGCTGAGTATCCAGCAAGAGTGACCGGGGTGAAGAAGCAAAGACTCGGTTGATTGTCCTGGGCTGTGGCTGGCTGTGGAGCTAGAGCCCTGGATGGCCCCTGAGCCAGCCCCAGGGAGGACGATGGTGCCCCTTGTGCCTGCACTGGTGATGCTTGGTTTGGTGGCAGGCGCCCATGGTGACAGCAAACCTGTCTTCATTAAAGTCCCTGAGGACCAGACTGGGCTGTCAGGAGGGGTAGCCTCCTTCGTGTGCCAAGCTAGCGGCGGGAGCGGGAGCGGCGGGAGCGGTGGCGGGAGCAGAGGCGGCG
35.200+20,209,"pozytywnymi, przekłamania na końcach oligonukleotydów",5.5942370891571045,164,209.0,181,208.0,TCCCGTCGTAACTTCCAGATTCCAGATGGAACAGTACATCTATAAAAGGAAAAGTGATGGCATCTACCCTTGATGTCCTGCAAATGAAGGAGGAGGATGTCCTTAAGTTCCTTGCAGCAGGAACCCACTTAGGTGGCACCAATCTATATCATACGGCGTTGTTCTGGATTCCCGTCGTAACTTAAAGGGAAACTTTCACAATGTCCGGA
35.200+80,209,pozytywnymi losowymi,7.393567085266113,184,209.0,194,208.0,TACGGCGTTGTTCTGGCCATACGGCGTTGTTCTGGATTCCCGTCGTAACTTAAAGGGAAACTTTCACAATGTCCGGAGCCCTTGATGTCCTGCAAATGAAGGAGGAGGATGTCCTTAAGTTCCTTGCAGCAGGAACCCACTTAGGTGGCACCAATCTTGACTTCCAGATGGAACAGTACATCTATAAAAGGAAAAGTGATGGCATCTAT
35.200-40,209,negatywnymi losowymi,5.039399862289429,155,209.0,156,209.0,GGGTCCATACGGCGTTGTTCTGGATTCCCGTCGTAACTTAAAGGGAAACTTTCACAATGTCCGGAGCCCTTGATGTCCTGCAAATGAAGGAGGAGGATGTCCTTAAGTTCCTTGCAGCAGGAACCCACTTAGGTGGCACCAATCTTGACTTCCAGATGGAACAGTACATCTATATCATGGCATCTATAAAAGGAAAAGTGATGGCATCT
35.200-80,209,negatywnymi losowymi,2.7612979412078857,116,214.0,119,208.0,GAGGGGTCCATACGGCGTTGTTCTGGATTCCCGTCGTAACTTAAAGGGAAACTTTCACAATGTCCGGAGCCCTTGATGTCCTGCAAATGAAGGAGGATGTCCTTAAGTTCCTTGCAGCAGGAACCCACTTAGGTGGCACCAATCTTGACTTCCAGATGGAACAGTACATCTATATCAGAGGGGTCCTATAAAAGGAAAAGTGATGGCATCTATA
53.500+200,509,pozytywnymi losowymi,46.971989154815674,473,509.0,490,504.0,CCTCCTCGCACAGCCGCTCGAACCGCCTGCTGAGCCCCATGGCCCGCGCCACGCTCTCCGCCGCCCCCAGCAATCCCCGGCTCCTGCGGGTGGCGCTGCTGCTCCTGCTCCTGGTGGCCGCCAGCCGGCGCGCAGCAGGAGCGCCCCTGGCCACTGAACTGCGCTGCCAGTGCTTGCAGACCCTGCAGGGAATTCACCTCAAGAACATCCAAAGTGTGAAGGTGAAGTCCCCCGGACCCCACTGCGCCCAAACCGAAGTCATAGCCACACTCAAGAATGGGCAGAAAGCTTGTCTCAACCCCGCATCGCCGAAAAGATGCTGAAAAATGGCAAACGCATCGCCCATGGTTAAGAAAATCATCGAAAAGATGAATGGCAAATCCAACTGACCAGAAGGAAGGAGGAAGCTTATTGGTGGCTGTTCCTGAAGGAGGCCCTGCCCTTACAGGAACAGAAGAGGAAAGAGAGACACAGCTGCAGAGGCCACCTGGATTGCGCCTAATGTGTTT
53.500+50,509,"pozytywnymi, przekłamania na końcach oligonukleotydów",35.66528677940369,420,509.0,442,506.0,TGCTGAGCCCCATGGCCCGCGCCACGCTCTCCGCCGCCCCCAGCAATCCCCGGCTCCTGCGGGTGGCGCTAATGTGTTTGAGCATCACTTAGGAGAAGTCTTATTGGTGGCTGTTCCTGAAGGAGGCCCTGCCCTTACAGGAACAGGAACAGAAGAGGAAAGAGAGACACAGAAAGCTTTGGCCACTGAACTGCGCTGCCAGTGCTTGCAGACCCTGCAGGGAATTCACCTCAAGAACATCCAAAGTGTGAAGGTGAAGTCCCCCGGACGGACCCCACTGCGCCCAAACCGAAGTCATAGCCACATGGTTAAGAAAATCATCGAAAAGATGCTGAAAAATGGCAAATCCAACTGACCAGAAGGAAGGAGGAAGCTTGTCTCAACCCCGGACCCCACCTGGATTGCGCCTAATGTGTGGCGCTGCTGCTCCTGGTGGCCGCCAGCCGGCGCGCAGCAGGAGCGCCCCTGGCCACTGAAAGCTTGTCGAACCGCCTGCTGAGTTTGAGCAC
53.500-100,509,negatywnymi losowymi,28.274659633636475,375,508.0,387,505.0,CTGCGGGTGGCGCTGCTGCTCCTGCTCCTGGTGGCCGGCGCGCAGCAGGAGCGCCCCTGGCCACTGAACTGCGCTGCCAGTGCTTGCAGACCCTGCAGGGAATTCACCTCAAGAACATCCAAAGTGTGAAGGTGAAGTCCCCCGGACCCCACTGCGCCCAAACCGAAGTCATAGCCACACTCAAGAATGGGCAGAAAGCTTGTCTCAACCCCGCATCGCCCATGGTTAAGAAAATCATCGAAAAGATGCTGAAAAATGGCAAATCCAACTGACCAGAAGGAAGGAGGCCCTGCCCTTACAGGAACAGAAGAGGAAAGAGAGACACAGCTGCAGAGGCCACCTGGATTGCGCCTAATGTGTTTGAGCATCACTTAGGAGAAGTCTTATTGGTGGCTGTTCCTGAAGGAGGCCCGCGCCACGCTCTCCGCCGCCCCCAGCAATCCCCGGCTCCTGCGGGTGGTGGCCGCCAGCCGCTCGAACCGCCTGCTGAGCCCCATGGCCCGCGCCA
53.500-200,509,negatywnymi losowymi,16.75539231300354,281,520.0,287,506.0,GCGCGCAGCAGGAGCGCCCCTGGCCACTGAACTGCGCCCAAACCGAAGTCATAGCCACACTCAAGAATGGGCAGAAAGCTTGTCTCAACCCCGCATCGCCCATGGTTAAGAAAATCATCGAAAAGATGCTGAAAAATGGCAAATCCAACTGACCAGAAGGAAGGAGGAAGCTTATTGGTGGCTGTTCCTGAAGGAGGCCCTGCCCTTACAGGAACAGAAGAGGAAAGAGAGACACAGCTGCAGAGGCCACCTGGATTGCGCCTAATGTGTTTGAGCATCACTTAGGAGAAGTCCCGCGCCACGCTCTCCGCCGCCCCCAGCAATCCCCGGCTCCTGCGGGTGGCGCTGCTGCTCCTGCTCCTGGTGGCCGCCAGCCGCTCGAACCGCCTGCTGAGCCCCATGGCGGCGCGCAGCCCCATGGCCCGCGCCAGTGCTTGCAGACCCTGCAGGGAATTCACCTCAAGAACAGGAGAAGTCATCCAAAGTGTGAAGGTGAAGTCCCCCGGACCCCACTGCGCCC
55.300+120,309,pozytywnymi losowymi,17.131673336029053,295,309.0,287,309.0,GCCAAGAAAATTGAGTTTGAACAATTTCTGCCTATGATGCAAGCCATTTCCAACAACAAGGACCAGGCCACCTAACTACTCTTAGCCTTCCCTGCTGTGTTGCTGCCCAGCCGCTCCATCATGTCCTTCAGTGCTGACCAGATTGCTGAATTCAAGGAGGCATTTCTCCTCTTTGACAGAACAGGTGATTCCAAGATCACCTTAAGCCAGGTCGGTGATGTCCTTCGAGCCCTGGGCACAAATCCCACCAATGCAGAGGTCAGGAAAGTTCTGGGAAACCCCAGCAATGAAGAGCTGAATGCCAAGAAA
55.300+30,309,"pozytywnymi, przekłamania na końcach oligonukleotydów",13.190792083740234,254,309.0,277,309.0,GCAATGAAGAGCTGAATGCCAAGAAAATTGAGTTTGAACAATTTCTGCCTATGATGTCCTTCGAGCCCTGGGCACGGTCAGGAAAGTTCTGGGAAACCCCAGCAATGAAGAGCTGAATTCAAGGAGGCATTTCTCCTCTTTGACAGAACAGGTGATTCCAAGATCACCTTAAGCCAGGTCGGTGATGTCCTTCAGTGATGCAAGCCATTTCCAACAACAAGGACCAGGCCAATGCAGAGGTCAGGAACTACTCTTAGCCTTCCCTGCTGTGTTGCTGCCCAGCCGCTCCATCACAAATCCCACCAATGC
55.300-120,309,negatywnymi losowymi,6.555253744125366,174,305.0,178,308.0,GACCAGATTGCTGAATTCAAGGAGGCATTTCTCCTCTTTGACAGAACAGGTGATTCCAAGATCACCTTAAGCCAGGTCGGTGATGTCCTTCGAGCCCTGGGCACAAATCCCACCAATGCAGAGGTCAGGAAAGTTCTGGGAAACCCCAGCAATGAAGAGCTGAATGCCAAGAAAATTGAGTTTGAACAATTTCCAACAACAAGGACCAGGCCACCTATGATGCAAGCCATTTCCAACTACTCTTAGCCTTCCCTGCTGTGTTGCTGCCCAGCCGCTCCATCATGTCCTTCAGTGCTGACCAGATT
55.300-60,309,negatywnymi losowymi,10.255528926849365,219,309.0,235,309.0,GAACAATTTCTCCTCTTTGACAGAACAGGTGATTCCAAGATCACCTTAAGCCAGGTCGGTGATGTCCTTCAGTGCTCGAGCCCTGGGCACAAATCCCACCAATGCAGAGGTCAGGAAAGTTCTGGGAAACCCCAGCAATGAAGAGCTGAATGCCAAGAAAATTGAGTTTGAACAATTTCCAACAACAAGGACCAGGCCACCTATGATGCAAGCCATTTCCAACGCTGTGTTGCTGCCCAGCCGCTCCATCATGTCCTTCGAGCCCTTCAGTGCTGACCAGATTGCTGAATTCAAGGAGGCATTTCTCCT
55.400+160,409,pozytywnymi losowymi,30.624603271484375,371,409.0,396,409.0,GAAAGTTCTGGGAAACCCCAGCAATGAAGAGCTGAATGCCAAGAAAATTGAGTTTGAACAATTTCTGCCTATGATGCAAGCCATTTCCAACAACAAGGACCAGGCCACCTATGAAGACTTTGTTGAGGGTCTGCGTGTCTTTGACAGAACAGGTGATTCCAAGATCACCTTAAGCCAGGTCGGTGATGTCCTTCGAGCCCTGGGCACAAATCCCACCAATGCAGAGGTCAGGAAAGTTCTAGCCACCCTGGGTGAAAAGATATACCTGAAAACTACTCTTAGCCATGTTCTAGCCTTCCCTGCTGTGTTGCTGCCCAGCCGCTCCATCATGTCCTTCAGTGCTGACCAGATTGCTGAATTCAAGGAGGCATTTCTCCTCTTTGACAAGGAAGGCAATGGCACAGTCATG
55.400+40,409,"pozytywnymi, przekłamania na końcach oligonukleotydów",23.5133113861084,330,409.0,352,409.0,GCCCTGGGCACAAATCCCACCAATGCAGAGGTCAGGAAAGTTCTGGGAAACCCCAGCAATGAAGCCATTTCCAACAACAAGGACCAGGCCACCTATGAAGACTTTGTTGAGGGTCTGCGTGTCTTGAGTTTGAACAACAAGGAGGCAGCAATGAAGATCACCTTAAGCCAGGTCGGTGATGTCCTTCGTCTTTGACAAGGAAGGCAATGGCACAGTCATGGGTGCTGAACTCCGCCATGTTCTAGCCACCCTGGGTGAAAAGATTGCTGAATTCAAGGAGGCATTTCTCCTCTTTTCCAACAATTTCTTTGACAGAACAGGTGATTCCAAGATCACCTAACTACTCTTAGCCTTCCCTGCTGTGTTGCTGCCCAGCCGCTCCATCATGTCCTTCAGTGCTGACCAGATT
55.400-160,409,negatywnymi losowymi,9.806396722793579,212,409.0,225,409.0,GATGCAAGCCATTTCCAACAACAAGGACCAGGCCACCTATGAAGAGCTGAATGCCAAGAACAGGTGATTCCAAGATCACCTTAAGCCAGGTCGGTGATGTCCTTCGAGCCCTGGGCACAAATCCCACCAATGCAGAGGTGCTGAACTCCGCCATGTTCTAGCCACCCTGGGTGAAAAGACTTTGTTGAGGGTGCTGAATTCAATGAAGAGCCTAACTACTCTTAGCCGCTCCATCATGTCCTTCAGTGCTGACCAGATTGCTGAATTTCTCCTCTTTGACAGAAAGTTCTGGGAAACCCCAGCAATGAAGACTTTGACAAGGAAGGCAATGGCACAGTCATGGGTCCCTGCTGTGTTGCTGCCCAGCCGCTCCTGAACAATTTCTGCCTATGATGCAAGCCAAGAAAAT
55.400-80,409,negatywnymi losowymi,18.455737829208374,291,403.0,308,407.0,TTCGAGCCCTGGGCACAAATCCCACCAATGCAGAGGTCAGGAAAGTTCTGGGAAACCCCAGCAATGAAGAGCTGAATGCCAAGAAAATTGAGTTTGAACAATTTCTGCCTATGATGCAAGCCATTTCCAACAACAAGGACCAGGCCACCTATGAAGACTTTGTTGAGGGTGCTGAACTCCGCCATGTTCTAGCCACCCTGGGTGAAAAGATTGCTGAATTCAAGGAGGCATTTCTCCTCTTTGACAGAACAGGTGATTCCAAGATCACCTTAAGCCAGGTCGGTGATGTCCTTCAGTGCTGACCAGATTGCTGCCCAGCCGCTCCATCATGTCCTTCGAGCAGTCATGGGTGCTGACAAGGAAGGCAATGGCACAGTCATGGTCTGCGTGTCTTTGACAAGGA
58.300+120,309,pozytywnymi losowymi,16.83760666847229,282,307.0,296,309.0,TTCCAGGAGACCTTTGAGGGGTCCCCAATGCCCCATTCCACACGGCCCGGGAAATGGCCAATGCCAAGGAGATCGCTCGGACTGTGCAGATCCTGGGTGCAGACTTCATCCTGTCTCTAGGGGACAATTTTTACTTCACTGGTGTGCAAGACATCAATGACAAGAGGTTCCAGGAGGGGTCCTGCAAGCCTTGTTGCTACCCTCCCTGGCTGATGGTGCCACCCCTGCCCTGCGCTTTGTAGCCGTGGGTGACTGGCCTGTGTCTCCCCCTGGATGGACATGTGGACGGCGCTGCTCATCCTGCAAG
58.300+30,309,"pozytywnymi, przekłamania na końcach oligonukleotydów",13.217204093933105,269,309.0,269,309.0,CTGCCCTGCGCTTTGTAGCCGTGGGTGACTGGCCTGTGTCTCCCCCTGGATGGACATGTGGACGGCGCTGCTCATCCTGCAAGCCTTGTTGCTACCCTCCCTGGCTGATGGTGCCACCCCTGCCCTGCGCGGGAAATGGCCAATAATGGCCAATGCCAAGGAGATCGCTCGGACTGTGCAAGACATCAATGACAAGAGGTTCCAGGAGACCTTTGAGGGGTCCCCAATGCCCCATTCCACACGGCCCGGGAAATGGGTGCAGACTTCATCCTGTCTCTAGGGGACAATTTTTACTTCACTGGTGTGCAA
58.300-120,309,negatywnymi losowymi,5.708564519882202,172,326.0,176,309.0,CATTCCACACGGCCCGGGAAATGTTGCTACCCTCCCTGGCTGATGGTGCCACCCCTGCCCTGCGCTTTGTAGCCGTGGGTGACTGGGGAGGGGTCCCCAATGCCCCATTCCACCCGGGAAATGGCCAATGCCAAGGAGATCGCTCGGACTGTGCAGATCCTGGGTGCAGACTTCACTGGTGTGCAAGACATCAATGACAAGAGGTTCCAGGAGACCTTTGAGGGGACAATTTTTACTTCACTGCTCATCCTGTCTCTAGAGCCTCCGGTGACTGGCCTGTGTCTCCCCCTGGATGGACATGTGGACTTGTTGCTACATGTGGACGG
58.300-60,309,negatywnymi losowymi,10.93336796760559,232,309.0,234,307.0,CATCAATGACAAGAGGTTCCAGGAGACCTTTGAGGGGTCCCCAATGCCCCATTCCACACGGCCCGGGAAATGGCCAATGCCAAGGAGATCGCTCGGACTGTGCAGATCCTGGGTGCAGACTTCATCCTGTCTCTAGGGGACAATTTTTACTTCACTGGTGTGCAAGACATCAATGACTGGCCTGTGTCTCCCCCTGGATGGACATGTGGACGGCGCTGCTCATCCTGCAAGCCTTGTTGCTACCCTCCCTGGCTGATGGTGCCACCCCTGCCCTGCGCTTTGTAGCCGTGGGTGACTGGGGAGGGGTCC
59.500-2,509,negatywnymi wynikającymi z powtórzeń,42.79980134963989,439,509.0,485,509.0,GCACAGATCCTGAAGATGTCATCAGAAATGCCTTTGCTTGCTTCATTGGGGAAGAATCCAACTGATGAGTATCTAGATGCCATGATGAATGAGGCTCCAGGCCCCATCAATTTCACCATGTTTGGTTTCATCGACAAGGAAGATTACTTGAGAGAGCTGCTGACAACCATGGGGGATCGAGCAAAAGAACAAAGACCAAGAAGCGCCCTCAGCACCATGTCGAGCAAACGCCCTCAGCGTGCAACATCCAATGTGTTTGCTATGTTTGGTGAGAAGTTAAATGGCACAGATCTGTTTGCTATGTTTGACCAGTCACAGATTCAGGAGTTCAAAGAGGCCTTCAACATGATTGATCAGAACAGAGATGGTTTCATAAGCAACTGGCACCATACAGGAAGATTTGCATGATATGCTTGCTTTGATGAAGAAGCAACTGGGTAGCAGGGTGGTGTGATAGCGGCCGAGGGCTCGGAAGGGTGCTCGGATTCTCGTAGCTGTGCCGGGACTTA
62.400+160,409,pozytywnymi losowymi,29.992586612701416,383,408.0,384,409.0,GCACCGCCTGCCTCTCAGCAGGATGGACGTGATGGATGGCTGCCAGTTCTCACCTTCTGAGTACTTCTACGACGGCTCCTGCATACCGTCCCCCGAGGGTGAATTTGGGGACGAGTTTGTGCCGCGAGTGGCTGCCTTCGGAGCGCACAAAGCAGAGCTGCAGGGCTCAGATGAGGACGAGCACGTGCGAGCGCCTACCGGCCACCACCAGGCTGGTCACTGCCTCATGTGGGCCTGCAAAGCCTGCAAGAGGAAGTCCACCACCATGGATCGGCGGAAGGCAGCCACTATGCGCGAGCGGAGGCGCCTGAAGAAGGTCAACCAGGCTTTCGAAACCCTCAAGAGGTGTACCACGACCAACCCCAACCAGAGGCTGCCCAAGGTGGAGACAATACCATATAGACATGT
62.400+40,409,"pozytywnymi, przekłamania na końcach oligonukleotydów",23.859971284866333,345,408.0,357,409.0,TGCATACCGTCCCCCGAGGGTGAATTATGCGCGAGCGGAGGCGCCTGAAGAAGGTCAACCAGGCTTTCGAAACCCTCAAGAGGTGTACCACGACCAACCCCAACCAGAGGCTGCCCAAGGTGGTGAATTTGGGGACGAGTTTGTGCCGCGAGTGGCTGCCTTCGGAGCGCACAAAGCAGAGCTGCAGGGCTCAGATGAGGACGAGGATGGACGTGATGGATGGCTGCCAGTTCTCACCTTCTGAGGACGAGCACGTGCGAGCGCCTACCGGCCACCACCAGGCTGGTCACTGCCTCATGTGGGCCTGCAAACCACCATGGCTGCCTCTCAGCAGGATGGACACCTTCTGAGTACTTCTACGACGGCTCCTGCAAAGCCTGCAAGAGGAAGTCCACCACCATGGATCGC
62.400-160,409,negatywnymi losowymi,11.283727645874023,226,409.0,234,405.0,CAACCCCAACCAGAGGCTGCCCAAGGTGGAGCGCCTACGAGTTTGTGCCGCGAGTGGCTGCCTTCGGAGCGCACAAAGCAGAGCTGCAGGGCTCAGATGAGGACGAGCACGTGCGAGCGCCTACCGGCCACCACCATGGATCGGCGGAAGGCAGCCACTATGCGCGAGCGGAGGCGCCTGAAGAAGGTCAACCAGGCTTTCGAAACCCTCAAGAGGTGTACCACCAGGCTGGTCACTGCCTCTCAGCAGGATGGACGTGATGGATGGCTGCCAGTTCTCACCTTCTGAGTACTTCTACGACGGCTCCTGCATACCGTCCCCCGAGGGTGAATTTGGGGACGAGTTTGTGGGCCTGCAAAGCCTGCAAGAGGAAGTCCACCACCAGGTGCACCGCCTGCCTCTCGCTGCC
62.400-80,409,negatywnymi losowymi,19.325809001922607,307,409.0,311,402.0,GCTGCCGTCCAGGTGCACCGCCTGCCTCTCAGCAGGATGGACGTGATGGATGGCTGCCAGTTCTCACCTTCTGAGTACTTCTACGACGGCTCCTGCATACCGTCCCCCGAGGGTGAATTTGGGGACGAGTTTGTGCCGCGAGTGGCTGCCTTCGGAGCGCACAAAGCAGAGCTGCAGGGCTCAGATGAGGACGAGCACGTGCGAGCGCCTACCGGCCACCACCATGGATCGGCGGAAGGCAGCCACTATGCGCGAGCGGAGGCGCCTGAAGAAGGTCAACCAGGCTTTCGAAACCCTCAAGAGGTGTACCACCAGGCTGGTCACTGCCTCATGTGGGCCTGCAAAGCCTGCAAGAGGAAGTCCACCACCAGGCTGCCCAAGGTGGAGGCTGCCCCAACCAGAGGCTGCC
68.400+160,409,pozytywnymi losowymi,30.105680227279663,370,409.0,395,404.0,TGTCAGAGGCCCTGAAGGAGGCCAGGTGACCCGAGACGGCTTCAAGCTGGTGATTGAGCGCAACAAGGAGAGCCCAGTCTTCGCCCCTGTCTACTTCCCAGAAGAGCTGCACCGCAAGGCTGCCCTGGAGGAGGAGATTGAGCGCAGCCGCCGCCCGCGGAGCCAGCACGAACGAGCCCAGCACCGGCCGGATGGAGCGTCCGCAACCCGACAGCATGCCCCAGGATTTGTCAGAGGAGGCCACCAAGGAGGTGCACACCCAGGCAGAGAATGCTGAGTTCATGAGGAACTTTCAGAAGGGCCAGGTGAGCTGGTGATGGCCTCCCTGTACCACATCTATGTGGCCCTGGAGCAGGACCTGGCCTTCTGGTACGGGCCCCGCTGGCAGGAGGTCATCCCCTACACACCA
68.400+40,409,"pozytywnymi, przekłamania na końcach oligonukleotydów",21.865964651107788,330,409.0,334,406.0,GCCCCAGGATTTTGTCAGAGGCCCTGAAGGAGGCCACCAAGGAGGTGCACACCCAGGCAGAGAATGCTGAGTTCATGAGGAACTTTCAGAAGGGCCAGGTGACCCTGTCTACTTCCCAGAAACCCGACAGGTGACCCGAGACGGCTTCAAGCTGGTGATGGCCTCCCTGTACCACATCTATGTGGCCCTGGAGATTGAGCGCAACAAGGAGAGCCCAGTCTTCGGAGCCAGCACGAACGAGCCCAGCACCGGCCGGATGGAGCGTCCGCAACCCGACAGCATGCCCCAGGATACGGGCCCCGCTGGCAGGAGGTCATCCCCTACACACCAGCCGCCGCCCGCGGAGCCAGACCTGGCCTTCTGGTACGGGCCCTGATGGCCTGCCTCCCCTCGAGCGTCCTCAGCGCAG
68.400-160,409,negatywnymi losowymi,10.272279739379883,221,409.0,231,409.0,CAACGCCTGCCTCCCCTCGAGCGTCCTCAGAAGGGCCAGGTGATGGCCTCCCTGTACCACATCTATGTGGCCCTGGAGGAGGAGAGCCCAGTCTTCGCCCCTGTCTACTTCCCAGAAGAGCTGCACCGCAAGGCTGCCCTGGAGCAGGACCTGGCCTTCTGGTACGGGCCCCAGGATTTGTCAGAGGCCCTGAAGGAGGCCACCAAGGAGAGCCAGCACGAACGAGCCCAGCACCGGCCGGATGGAGCGTCCGCAACCCGACAGCATGCCCCAGGAGGTGCACACCCAGGCAGAGAATGCTGAGTTCATGAGGAACTTTCAGAAGGAGGTGCGCAACAAGGAGGTGACCCGAGACGGCTTCAAGCTGGTGATGGCAGGAGGTCATCCCCTACACACCAGCGCAGCCGCC
68.400-80,409,negatywnymi losowymi,19.080676555633545,297,424.0,315,409.0,CCCCTCGAGCGAACGAGCCCAGCACCGGCCGGATGGAGCGTCCGCAACCCGACAGCATGCCCCAGGATTTGTCAGAGGCCCTGAAGGAGGCCACCAAGGAGGTGCACACCCAGGCAGAGAATGCTGAGTTCATGAGGAACTTTCAGAAGGGCCAGGTGACCCGAGACGGCTTCAAGCTGGTGATGGCCTCCCTGTACCACATCTATGTGGCCCTGGAGCAGGACCTGGCCTTCTGGTACGGGCCCCGCTGGCAGGAGGTCATCCCCTACACACCAGCACGAACGAGCGTCCTCAGCGCAGCCGCCGCCCGCGGAGCCACTCCCCTCGAGCGGAGCCAGCACGAGCCCAGTCTTCGCCCCTGTCTACTTCCCAGAAGAGCTGCACCGCAAGGCTGCCCTGGAGGAGGAGAGCCCATCGAGCGTCC
9.200+20,209,"pozytywnymi, przekłamania na końcach oligonukleotydów",6.01082968711853,184,209.0,184,209.0,CGCCGCCCGTCCACACCCGCCGCCAGCTCACCATGGATGATGATATCGCCGCGCTCGTCGTCGACAACGGCTCCGGCATGTGCAAGGCCGCCGCCCGGGCCGTCTTCCCCTCCATCGTGGGGCGCCCCAGGCACCAGGGCGTGATGGTGGGCATGGGTCAGAAGGATTCCTATGTGGGCGACGATGCCCCCCGGGCCGGCTTCGCGGGC
9.200+80,209,pozytywnymi losowymi,7.250607252120972,197,206.0,197,206.0,CCGATCCGCCGCCCGTCCACACCCGCCGCCAGCTCACCATGGATGATGATATCGCCGCGCTCGTCGTCGACAACGGCTCCGGCATGTGCAAGGCCGGCTTCGCGGGCGACGATGCCCCCCGGGCCGTCTTCCCCTCCATCGTGGGGCGCCCCAGGCACCAGGGCGTGATGGTGGGCATGGGTCAGAAGGATTCCTATGTGGGCGAC
9.200-40,209,negatywnymi losowymi,4.588603734970093,151,208.0,155,209.0,GGGCGACGATGCCCCCCGGGCCGTCTTCCCCTCCATCGTGGGGCGCCCCAGGCACCAGGGCGTGATGGTGGGCATGGGTCAGAAGGATTCCTATGTGGGCGCTCGTCGTCGACAACGGCTCCGGCATGTGCAAGGCCGGCTTCGCGGGCGACGATCCGCCGCCCGTCCACACCCGCCGCCAGCTCACCATGGATGATGATATCGCCGC
9.200-80,209,negatywnymi losowymi,2.409775733947754,114,208.0,118,207.0,CGCGGGCGACGATGCCCCCCGGGCCGTCTTCCCCTCCATCGTGGGGCGCCCCAGGCACCAGGGCGTGATGGTGGGCATGGGTCAGAAGGATTCCTATGTGGGCGCTCGTCGTCGACAACGGCTCCGGCATGTGCAAGGCCGGCTTCGCGGGCGATCCGCCGCCCGTCCACACCCGCCGCCAGCTCACCATGGATGATGATATCGCCGC
